Experiment_run,true_energy,hybrid_model_energy
experiment_number_0,-74.96306312972766,-3.263355513145261
experiment_number_1,-37308.77372912153,-37308.1015625
experiment_number_2,-37308.77372912153,-37308.046875
experiment_number_3,-31.88784079412097,-31.887752532958984
