Experiment_run,true_energy,hybrid_model_energy,difference
model1,-5.315575141437583,-2.699599702247334,88.15901642366293
experiment_number_1,-5.315575141437583,-2.7110963529153165,88.15936268476803
