Experiment_run,true_energy,hybrid_model_energy,difference,N
experiment_number_0,-5.315575141437583,-2.777270170968568,88.15972044459696,8
experiment_number_1,-1.528237713670721,-1.5276737399917213,0.039820233504326646,4
experiment_number_2,-2.7453922656227285,-2.0952697206708697,31.02324360667417,6
experiment_number_3,-2.222124526466972,-1.7072764872276642,29.687415590063733,5
